epoch	V	E	b1H	b1S	label	d_cal	npts	n_alive_cyc	ov_lcc	ov_meandeg	ov_density	degenerate	w_cont
25	34	65	32	28	SW	nan	1	32	1.0	9.9375	0.32056451612903225	0	nan
50	168	333	166	113	SW	nan	1	166	1.0	7.397590361445783	0.04483388097845929	0	nan
75	216	429	214	160	SW	nan	1	214	1.0	7.186915887850467	0.033741389144837874	0	nan
100	273	543	271	213	SW	nan	1	271	1.0	6.538745387453875	0.024217575509088426	0	nan
125	297	591	295	238	SW	nan	1	295	1.0	6.352542372881356	0.021607286982589645	0	nan
150	369	735	367	291	SW	nan	2	367	1.0	5.858310626702997	0.016006313187713107	0	0.693147
175	432	861	430	342	SW	nan	3	425	1.0	5.472941176470588	0.01290788013318535	0	1.098612
200	540	1077	538	399	SW	nan	3	513	0.9980506822612085	4.888888888888889	0.009548611111111112	0	1.098612
225	578	1153	576	416	SW	nan	3	527	0.9886148007590133	4.785578747628083	0.009098058455566698	0	1.098612
250	608	1213	606	438	SW	nan	3	531	0.9585687382297552	4.463276836158192	0.008421277049355079	0	1.098612
275	609	1214	606	440	SW	nan	3	514	0.8715953307392996	3.9844357976653697	0.007766931379464658	0	1.098612
300	591	1175	585	416	SW	nan	3	467	0.6531049250535332	3.5674518201284795	0.007655476008859398	0	1.098612
325	606	1205	600	403	SW	nan	3	441	0.38095238095238093	2.9342403628117912	0.006668728097299526	0	1.098612
350	589	1169	581	355	SW	nan	3	377	0.3209549071618037	2.59946949602122	0.006913482702184096	0	1.098612
375	562	1111	550	321	SW	nan	2	325	0.21846153846153846	2.166153846153846	0.006685660018993352	0	0.693147
400	540	1052	513	297	SW	nan	3	268	0.1044776119402985	1.6865671641791045	0.006316730951981665	0	1.098612
425	553	1068	516	326	SW	nan	3	288	0.05555555555555555	1.5972222222222223	0.005565234223770809	0	1.098612
450	531	1024	494	304	SW	nan	3	261	0.06130268199233716	1.4865900383141764	0.0057176539935160624	0	1.098612
475	476	910	435	272	SW	nan	2	234	0.05555555555555555	1.5299145299145298	0.006566156780749056	0	0.405465
500	481	925	445	281	SW	nan	3	240	0.04583333333333333	1.4583333333333333	0.006101813110181311	0	1.098612
525	511	979	469	297	METR	3.362147474337264	4	267	0.04119850187265917	1.550561797752809	0.005829179690800034	0	1.386294
550	482	907	426	263	SW	nan	3	236	0.0423728813559322	1.4661016949152543	0.006238730616660656	0	1.098612
575	435	803	369	227	SW	nan	3	198	0.050505050505050504	1.4545454545454546	0.007383479464697739	0	1.098612
600	416	759	344	223	SW	nan	3	192	0.046875	1.40625	0.007362565445026178	0	1.098612
625	418	772	355	243	SW	nan	3	199	0.04522613065326633	1.3668341708542713	0.006903202883102381	0	1.098612
650	492	919	428	270	METR	3.384179069050348	5	265	0.04905660377358491	1.6603773584905661	0.006289308176100629	0	1.609438
675	540	1017	478	313	METR	3.5382747326734885	4	316	0.06645569620253164	1.9050632911392404	0.006047819971870605	0	0.916291
700	547	1033	487	326	SW	nan	3	327	0.09174311926605505	1.9694189602446484	0.006041162454738185	0	0.693147
725	543	1030	488	330	METR	3.7757851645767464	4	324	0.09259259259259259	1.9382716049382716	0.006000840882161832	0	0.916291
750	574	1094	521	368	SW	nan	3	366	0.04918032786885246	2.1147540983606556	0.0057938468448237145	0	0.693147
775	600	1143	544	383	METR	3.8319454934505104	4	378	0.047619047619047616	2.0634920634920637	0.005473453749315818	0	0.916291
800	624	1180	557	370	METR	4.158796414454622	4	382	0.049738219895287955	2.18848167539267	0.0057440463921067456	0	0.916291
825	679	1285	607	394	METR	3.7891147941759793	5	436	0.05504587155963303	2.353211009174312	0.005409680480860487	0	1.098612
850	657	1243	587	390	METR	3.879997132534123	5	429	0.039627039627039624	2.1864801864801864	0.0051085985665424915	0	1.098612
875	641	1214	574	394	METR	3.4208726223984316	5	410	0.041463414634146344	2.131707317073171	0.0052119983302522516	0	1.098612
900	657	1245	589	390	METR	3.2666528671704436	5	415	0.03614457831325301	2.067469879518072	0.00499388859786974	0	1.098612
925	670	1275	606	396	METR	3.3530486325006112	5	414	0.04589371980676329	2.0628019323671496	0.004994677802341767	0	1.098612
950	650	1237	588	355	METR	2.979756231202863	5	374	0.05080213903743316	1.9839572192513368	0.005318920158850769	0	1.098612
975	571	1074	504	307	METR	3.198781036684931	5	315	0.06349206349206349	1.853968253968254	0.005904357496714184	0	1.098612
1000	508	948	441	273	METR	2.9361376938094566	6	271	0.06273062730627306	1.6974169741697418	0.006286729533962006	0	1.252763
1025	451	828	378	231	METR	2.6353939160272484	5	218	0.03669724770642202	1.5688073394495412	0.00722952690990572	0	1.098612
1050	427	787	361	221	METR	2.7072374234473866	6	212	0.03773584905660377	1.4056603773584906	0.006661897523026022	0	1.252763
1075	407	751	345	202	METR	1.9331817150909552	6	194	0.04639175257731959	1.4948453608247423	0.007745312750387266	0	1.252763
1100	374	686	313	196	METR	1.933794428382204	6	184	0.043478260869565216	1.5	0.00819672131147541	0	1.252763
1125	331	605	275	168	METR	2.0244211046844733	8	157	0.050955414012738856	1.414012738853503	0.009064184223419891	0	1.504077
1150	299	539	241	154	METR	1.9386876329411784	9	137	0.058394160583941604	1.3576642335766422	0.009982825246887076	0	1.609438
1175	272	491	220	139	METR	1.8862881557585218	9	116	0.04310344827586207	1.1896551724137931	0.010344827586206896	0	1.609438
1200	255	458	204	123	METR	1.8056079477226674	8	101	0.04950495049504951	1.00990099009901	0.0100990099009901	0	1.504077
1225	231	406	176	106	METR	1.5667015846448782	8	72	0.05555555555555555	0.6666666666666666	0.009389671361502348	0	1.504077
1250	228	398	171	104	METR	1.3418714558378666	12	80	0.2	1.325	0.016772151898734176	0	2.484907
1275	189	335	148	89	METR	1.4873566234390858	9	74	0.21621621621621623	1.6486486486486487	0.022584228063680118	0	1.609438
1300	172	308	137	90	METR	1.3692001888832375	10	75	0.22666666666666666	1.7066666666666668	0.023063063063063063	0	1.704748
1325	182	330	149	102	METR	0.9962988449881572	11	94	0.4148936170212766	2.6808510638297873	0.028826355525051476	0	2.397895
1350	183	333	152	111	METR	1.4263293493339422	6	98	0.46938775510204084	2.8979591836734695	0.029875867872922363	0	1.791759
1375	202	378	177	122	METR	1.57617864926549	7	124	0.3548387096774194	2.806451612903226	0.022816679779701022	0	1.386294
1400	209	392	184	123	METR	1.3754396099067556	9	124	0.3387096774193548	2.774193548387097	0.022554419092578024	0	1.609438
1425	226	425	200	136	METR	1.8366985665369095	6	138	0.3188405797101449	2.608695652173913	0.01904157410345922	0	1.252763
1450	223	417	195	139	METR	1.9151672840820624	7	134	0.29850746268656714	2.582089552238806	0.01941420715969027	0	1.386294
1475	222	414	193	138	METR	1.6386375930164383	8	131	0.26717557251908397	2.4580152671755724	0.018907809747504403	0	1.504077
1500	216	402	187	132	METR	1.5812113665041099	8	122	0.2459016393442623	2.5081967213114753	0.020728898523235333	0	1.504077
1525	198	365	168	107	METR	1.6591547386053722	7	92	0.13043478260869565	1.8043478260869565	0.019827998088867656	0	1.386294
1550	188	345	158	102	METR	1.308727755324833	11	78	0.10256410256410256	1.1538461538461537	0.014985014985014986	0	2.397895
1575	179	326	148	90	METR	1.1651161656946085	7	67	0.07462686567164178	1.0149253731343284	0.015377657168701944	0	1.386294
1600	171	310	140	81	METR	0.9249619659718639	10	64	0.109375	1.25	0.01984126984126984	0	2.302585
1625	158	281	125	75	METR	1.2400679716987968	10	64	0.125	1.5625	0.0248015873015873	0	2.302585
1650	145	256	115	82	METR	2.567258373187204	4	70	0.11428571428571428	1.5142857142857142	0.02194616977225673	0	0.916291
1675	139	252	115	88	SW	nan	3	74	0.13513513513513514	1.6216216216216217	0.022213994816734542	0	0.693147
1700	145	272	128	94	SW	nan	3	85	0.09411764705882353	1.7411764705882353	0.02072829131652661	0	0.693147
1725	149	280	132	100	SW	nan	3	89	0.10112359550561797	1.7752808988764044	0.02017364657814096	0	0.693147
1750	154	289	136	98	SW	nan	3	89	0.10112359550561797	1.7303370786516854	0.019662921348314606	0	0.693147
1775	154	296	143	100	SW	nan	3	97	0.10309278350515463	1.8350515463917525	0.01911512027491409	0	1.098612
1800	139	269	131	89	SW	nan	2	85	0.12941176470588237	1.6705882352941177	0.019887955182072828	0	0.405465
1825	130	250	121	84	SW	nan	3	73	0.1232876712328767	1.452054794520548	0.020167427701674276	0	0.693147
1850	117	222	107	78	SW	nan	2	67	0.13432835820895522	1.5522388059701493	0.023518769787426504	0	0.405465
1875	106	202	97	77	SW	nan	2	58	0.1206896551724138	1.3793103448275863	0.024198427102238355	0	0.405465
1900	115	221	107	80	SW	nan	3	67	0.31343283582089554	2.029850746268657	0.03075531433740389	0	1.098612
1925	139	268	130	89	SW	nan	3	81	0.4691358024691358	2.9382716049382718	0.0367283950617284	0	1.098612
1950	145	281	137	94	METR	1.0180439589177088	4	84	0.5714285714285714	3.0952380952380953	0.037292025243832475	0	0.916291
1975	173	337	165	117	SW	nan	2	122	0.6885245901639344	3.819672131147541	0.03156753827394662	0	0.405465
2000	203	398	196	137	SW	nan	3	157	0.7006369426751592	4.203821656050955	0.026947574718275354	0	0.693147
2025	193	382	190	142	SW	nan	3	169	0.650887573964497	4.2485207100591715	0.02528881375035221	0	1.098612
2050	214	424	211	158	SW	nan	3	184	0.5869565217391305	4.1521739130434785	0.022689474934663816	0	1.098612
2075	243	482	240	172	SW	nan	3	213	0.5070422535211268	3.9812206572769955	0.018779342723004695	0	1.098612
2100	316	626	311	212	METR	1.315207984741624	8	281	0.5836298932384342	4.1138790035587185	0.01469242501270971	0	2.079442
2125	334	661	328	206	METR	1.5791550121854068	8	263	0.7604562737642585	4.0	0.015267175572519083	0	2.079442
2150	302	595	295	223	SW	nan	2	283	0.9151943462897526	4.120141342756184	0.014610430293461645	0	0.405465
2175	346	688	343	267	SW	nan	3	327	0.9174311926605505	4.030581039755352	0.012363745520721938	0	1.098612
2200	364	723	360	280	SW	nan	2	344	0.9156976744186046	3.9767441860465116	0.011594006373313445	0	0.405465
2225	386	767	382	299	SW	nan	3	358	0.9162011173184358	3.8659217877094973	0.010828912570614838	0	1.098612
2250	455	905	451	335	SW	nan	2	415	0.8963855421686747	3.6771084337349396	0.008881904429311449	0	0.405465
2275	470	935	466	331	SW	nan	2	397	0.7884130982367759	3.370277078085642	0.008510800702236471	0	0.405465
2300	506	1006	501	341	METR	4.022056160502473	4	390	0.18974358974358974	2.646153846153846	0.006802452046667985	0	1.386294
2325	537	1067	531	341	METR	3.655668556830505	4	398	0.22613065326633167	2.5527638190954773	0.0064301355644722355	0	1.386294
2350	553	1098	546	368	METR	4.091730906550836	4	389	0.19794344473007713	2.4267352185089974	0.006254472212652055	0	1.386294
2375	536	1057	522	354	SW	nan	3	374	0.20588235294117646	2.2941176470588234	0.006150449455921779	0	0.693147
2400	556	1098	543	374	SW	nan	3	381	0.17060367454068243	2.146981627296588	0.005649951650780495	0	1.098612
2425	649	1284	636	423	METR	3.767951962592116	4	463	0.08855291576673865	2.423326133909287	0.005245294662141314	0	1.386294
2450	679	1341	663	428	METR	3.5548701018942515	4	459	0.08714596949891068	2.400871459694989	0.005242077422914823	0	1.386294
2475	693	1360	668	414	METR	3.612446343781662	4	447	0.087248322147651	2.3176733780760626	0.005196577080888033	0	1.386294
2500	663	1292	630	398	SW	nan	3	419	0.0954653937947494	2.143198090692124	0.005127268159550536	0	0.693147
2525	618	1195	578	376	SW	nan	3	381	0.08661417322834646	2.047244094488189	0.005387484459179445	0	0.693147
2550	585	1129	545	345	METR	3.8470078347050474	4	344	0.07267441860465117	1.802325581395349	0.005254593531764866	0	1.386294
2575	607	1173	567	341	METR	3.3977887002484177	5	342	0.09064327485380116	1.912280701754386	0.005607861295467408	0	1.609438
2600	595	1137	543	334	METR	3.0131050557732957	5	338	0.10355029585798817	1.9763313609467457	0.005864484750583814	0	1.609438
2625	581	1104	524	315	METR	3.445804176643671	4	315	0.10476190476190476	2.0126984126984127	0.006409867556364372	0	0.916291
2650	649	1238	590	382	METR	3.219819711751107	4	396	0.1111111111111111	2.257575757575758	0.005715381664748754	0	0.916291
2675	653	1239	587	407	METR	3.3460597785900577	4	408	0.10294117647058823	2.2205882352941178	0.005455990750108397	0	0.916291
2700	675	1290	616	437	METR	3.47767434036722	5	441	0.05442176870748299	2.240362811791383	0.0050917336631622345	0	1.609438
2725	729	1392	664	456	METR	3.006484488861056	5	478	0.060669456066945605	2.1757322175732217	0.004561283474996272	0	1.609438
2750	730	1387	658	454	METR	2.6232708650710492	6	481	0.056133056133056136	2.087318087318087	0.0043485793485793485	0	1.791759
2775	767	1463	697	468	METR	2.674660733455779	6	498	0.05220883534136546	2.1285140562248994	0.004282724459205029	0	1.791759
2800	829	1588	760	503	METR	3.0718512239879754	7	534	0.04868913857677903	2.153558052434457	0.004040446627456768	0	1.94591
2825	816	1552	737	492	METR	2.6875472621130942	6	518	0.05019305019305019	2.146718146718147	0.004152259471408407	0	1.252763
2850	847	1608	762	505	METR	2.4197407993424735	6	529	0.04158790170132325	2.015122873345936	0.0038165205934582117	0	1.252763
2875	899	1714	816	541	METR	3.184411005690399	5	591	0.04230118443316413	2.250423011844332	0.003814276291261579	0	1.098612
2900	986	1885	900	602	METR	3.3424949583042736	5	670	0.0626865671641791	2.4507462686567165	0.0036632978604734176	0	1.098612
2925	1045	2002	958	651	METR	3.352809606718047	6	745	0.042953020134228186	2.5530201342281877	0.003431478675037887	0	1.252763
2950	1082	2071	990	679	METR	3.1050573033348066	6	764	0.049738219895287955	2.549738219895288	0.003341727680072461	0	1.252763
2975	1114	2137	1024	701	METR	2.8899986978714036	7	803	0.047322540473225407	2.5205479452054793	0.003142827861852219	0	1.386294
3000	1082	2073	992	653	METR	3.137604466215584	7	747	0.04819277108433735	2.393574297188755	0.00320854463430128	0	1.386294
3025	1038	1979	942	601	METR	3.2441637360571605	6	688	0.050872093023255814	2.258720930232558	0.003287803391896009	0	1.252763
3050	974	1848	875	517	METR	3.218252430804407	7	579	0.0535405872193437	2.0207253886010363	0.0034960646861609624	0	1.94591
3075	936	1759	824	445	METR	3.1981192826643676	6	512	0.052734375	2.15625	0.004219667318982387	0	1.791759
3100	711	1309	600	323	METR	2.7891542435610903	7	366	0.06830601092896176	2.010928961748634	0.005509394415749682	0	1.386294
3125	611	1121	511	261	METR	2.0421281853757276	8	284	0.06338028169014084	1.591549295774648	0.005623849101677201	0	1.504077
3150	514	938	425	241	METR	2.2380357251319762	8	237	0.0759493670886076	1.6033755274261603	0.006793964099263391	0	1.504077
3175	523	956	434	246	METR	1.7906009393276106	10	258	0.05813953488372093	1.627906976744186	0.006334268392000724	0	2.302585
3200	514	937	424	221	METR	1.9969589225805073	9	232	0.04741379310344827	1.5086206896551724	0.006530825496342737	0	1.609438
3225	518	944	427	221	METR	1.6606673648773247	11	250	0.044	1.52	0.006104417670682731	0	1.791759
3250	456	819	364	221	METR	1.353347818469517	12	229	0.048034934497816595	1.4497816593886463	0.006358691488546694	0	1.871802
3275	415	740	326	204	METR	1.2793519595768166	12	209	0.05741626794258373	1.3971291866028708	0.0067169672432830325	0	1.871802
3300	386	681	297	187	METR	1.3455494818954243	15	185	0.06486486486486487	1.427027027027027	0.007755581668625147	0	2.079442
3325	347	602	257	155	METR	1.5341836650987954	12	143	0.08391608391608392	1.3706293706293706	0.00965231951147444	0	1.871802
3350	321	548	229	145	METR	1.8862750251937088	8	124	0.06451612903225806	1.1774193548387097	0.00957251507998951	0	1.504077
3375	363	633	272	175	METR	1.5566996165453406	12	165	0.08484848484848485	1.915151515151515	0.011677753141167776	0	2.484907
3400	378	665	288	195	METR	0.9581161163717997	12	178	0.09550561797752809	2.0898876404494384	0.011807274804799086	0	2.484907
3425	397	708	313	214	METR	1.6710656934534145	8	215	0.14418604651162792	2.316279069767442	0.010823733970875897	0	1.504077
3450	344	628	285	207	METR	2.222855369075129	7	207	0.057971014492753624	2.135265700483092	0.010365367478073262	0	1.386294
3475	312	572	261	203	METR	2.3703192867921783	5	196	0.061224489795918366	2.2551020408163267	0.011564625850340135	0	1.098612
3500	284	533	250	190	METR	2.497015561189018	4	185	0.06486486486486487	2.3027027027027027	0.012514688601645124	0	0.916291
3525	280	525	246	179	METR	2.605660220754931	5	171	0.08187134502923976	2.2923976608187133	0.01348469212246302	0	1.609438
3550	289	543	255	159	METR	1.7798155174551957	6	163	0.15950920245398773	2.392638036809816	0.014769370597591456	0	1.791759
3575	249	465	217	142	METR	1.7309758811659408	7	150	0.22	2.48	0.01664429530201342	0	1.94591
3600	208	394	187	143	METR	1.6725240023880517	5	142	0.2605633802816901	2.535211267605634	0.017980221756068324	0	1.098612
3625	196	366	171	134	METR	2.1648281401495346	5	130	0.2692307692307692	2.5384615384615383	0.01967799642218247	0	1.098612
3650	188	351	164	135	METR	2.3229485416768787	4	130	0.27692307692307694	2.6	0.020155038759689922	0	0.916291
3675	215	404	190	152	METR	2.1989667487018414	4	157	0.2356687898089172	2.662420382165605	0.01706679732157439	0	0.916291
3700	247	470	224	168	METR	2.7607902529762454	4	180	0.28888888888888886	2.488888888888889	0.013904407200496585	0	0.916291
3725	240	456	217	162	METR	3.165890441419119	4	166	0.30120481927710846	2.4216867469879517	0.014676889375684557	0	0.916291
3750	242	461	220	154	SW	nan	3	150	0.2866666666666667	2.013333333333333	0.013512304250559284	0	0.693147
3775	221	428	208	145	SW	nan	3	134	0.1044776119402985	1.5820895522388059	0.011895410167209068	0	0.693147
3800	215	415	201	132	SW	nan	3	119	0.15126050420168066	1.5294117647058822	0.01296111665004985	0	0.693147
3825	200	386	187	105	SW	nan	3	89	0.21348314606741572	1.348314606741573	0.015321756894790603	0	0.693147
3850	172	324	153	87	SW	nan	3	72	0.2361111111111111	1.3333333333333333	0.018779342723004695	0	0.693147
3875	163	306	144	97	METR	2.4500327276671916	5	70	0.2857142857142857	1.2857142857142858	0.018633540372670808	0	1.098612
3900	157	299	143	89	METR	2.5417770304299188	4	68	0.36764705882352944	1.411764705882353	0.021071115013169446	0	0.916291
3925	155	290	136	95	SW	nan	3	74	0.32432432432432434	1.3513513513513513	0.018511662347278787	0	0.693147
3950	145	267	123	97	SW	nan	3	73	0.3287671232876712	1.36986301369863	0.01902587519025875	0	0.693147
3975	141	260	120	94	SW	nan	3	69	0.30434782608695654	1.2753623188405796	0.01875532821824382	0	0.693147
4000	145	269	125	96	SW	nan	3	70	0.34285714285714286	1.4	0.020289855072463767	0	0.693147
